<?xml version="1.0" encoding="UTF-8"?>
<project-private xmlns="http://www.netbeans.org/ns/project-private/1">
    <editor-bookmarks xmlns="http://www.netbeans.org/ns/editor-bookmarks/2" lastBookmarkId="0"/>
    <open-files xmlns="http://www.netbeans.org/ns/projectui-open-files/2">
        <group>
            <file>file:/C:/leaflets/leaflet/examples/js/vendors/jquery.datetimepicker.css</file>
            <file>file:/C:/leaflets/leaflet/src/leaflet.timedimension.control.css</file>
            <file>file:/C:/leaflets/leaflet/examples/css/style.css</file>
            <file>file:/C:/leaflets/leaflet/examples/js/example9.js</file>
            <file>file:/C:/leaflets/leaflet/examples/drifter.html</file>
        </group>
    </open-files>
</project-private>
